id,title,content,publication_date,source_url,category,created_at
1,"Some on-air claims about Dominion Voting Systems were false, Fox News acknowledges in statement after deal is announced",NULL,"2023-04-19 12:44:51",https://www.cnn.com/business/live-news/fox-news-dominion-trial-04-18-23/index.html,Other,"2024-10-08 18:54:53"
2,"Here are the 20 specific Fox broadcasts and tweets Dominion says were defamatory",NULL,"2023-04-17 16:01:11",https://www.cnn.com/2023/04/17/media/dominion-fox-news-allegations/index.html,Other,"2024-10-08 18:54:53"
3,"Judge in Fox News-Dominion defamation trial: 'The parties have resolved their case'",NULL,"2023-04-19 08:28:17",https://www.cnn.com/2023/04/18/media/fox-dominion-settlement/index.html,Other,"2024-10-08 18:54:53"
4,"'Difficult to say with a straight face': Tapper reacts to Fox News' statement on settlement",NULL,"2023-04-18 21:17:44",https://www.cnn.com/videos/politics/2023/04/18/jake-tapper-dominion-lawsuit-settlement-fox-news-statement-lead-vpx.cnn,Other,"2024-10-08 18:54:53"
5,"Millions in the US could face massive consequences unless McCarthy can navigate out of a debt trap he set for Biden",NULL,"2023-04-18 20:34:45",https://www.cnn.com/2023/04/18/politics/mccarthy-biden-debt-ceiling/index.html,Other,"2024-10-08 18:54:53"
6,"White homeowner accused of shooting a Black teen who rang his doorbell turns himself in to face criminal charges",NULL,"2023-04-19 04:29:05",https://www.cnn.com/2023/04/18/us/kansas-city-ralph-yarl-shooting-tuesday/index.html,Other,"2024-10-08 18:54:53"
7,"Newly released video shows scene of Jeremy Renner's snowplow accident",NULL,"2023-04-18 14:09:43",https://www.cnn.com/videos/us/2023/04/18/jeremy-renner-snowplow-accident-bodycam-nc-melas-contd-vpx.cnn,Other,"2024-10-08 18:54:53"
8,"Jake Gyllenhaal and Jamie Lee Curtis spent the Covid-19 lockdown together",NULL,"2023-04-18 14:40:32",https://www.cnn.com/2023/04/18/entertainment/jake-gyllenhaal-jamie-lee-curtis-pandemic-living/index.html,Other,"2024-10-08 18:54:53"
9,"Toddler crawls through White House fence, prompts Secret Service response",NULL,"2023-04-18 17:38:16",https://www.cnn.com/2023/04/18/politics/white-house-toddler/index.html,Other,"2024-10-08 18:54:53"
10,"Jamie Foxx remains hospitalized nearly a week after 'medical complication'",NULL,"2023-04-18 00:27:07",https://www.cnn.com/2023/04/17/entertainment/jamie-foxx-remains-hospitalized/index.html,Other,"2024-10-08 18:54:53"
11,"A 13-year-old dies after participating in a Benadryl TikTok 'challenge'",NULL,"2023-04-19 15:01:06",https://www.cnn.com/2023/04/18/us/benadryl-tiktok-challenge-teen-death-wellness/index.html,Other,"2024-10-08 18:54:53"
12,"See pizza delivery guy take out suspect fleeing police",NULL,"2023-04-18 16:40:22",https://www.cnn.com/videos/us/2023/04/18/pizza-guy-trips-perp-moos-cprog-orig-bdk.cnn,Other,"2024-10-08 18:54:53"
13,"Netflix is winding down its DVD business after 25 years",NULL,"2023-04-18 20:10:51",https://www.cnn.com/2023/04/18/media/netflix-dvd-red-envelopes/index.html,Other,"2024-10-08 18:54:53"
14,"FTC chair Lina Khan warns AI could 'turbocharge' fraud and scams",NULL,"2023-04-18 17:59:38",https://www.cnn.com/2023/04/18/tech/lina-khan-ai-warning/index.html,Other,"2024-10-08 18:54:53"
15,"Eating too much of these foods is driving the rise in type 2 diabetes, study says",NULL,"2023-04-17 16:02:46",https://www.cnn.com/2023/04/17/health/rise-type-2-diabetes-global-wellness/index.html,Other,"2024-10-08 18:54:53"
16,"ADHD medication abuse in schools is a 'wake-up call'",NULL,"2023-04-25 17:44:36",https://www.cnn.com/2023/04/18/health/teen-misuse-adhd-meds-wellness/index.html,Other,"2024-10-08 18:54:53"
17,"Apple CEO was presented with an original Macintosh. See his reaction",NULL,"2023-04-18 09:17:25",https://www.cnn.com/videos/tech/2023/04/18/apple-store-mumbai-india-ceo-tim-cook-vedika-sud-ovn-biz-ldn-vpx.cnn,Other,"2024-10-08 18:54:53"
18,"Democrats bash Justice Clarence Thomas but their plan to investigate ethics allegations is unclear",NULL,"2023-04-18 20:29:46",https://www.cnn.com/2023/04/18/politics/clarence-thomas-ethics-democrats/index.html,Other,"2024-10-08 18:54:53"
19,"Two Russians claiming to be former Wagner commanders admit killing children and civilians in Ukraine",NULL,"2023-04-18 19:07:52",https://www.cnn.com/2023/04/17/europe/wagner-commanders-russia-kill-children-intl-hnk/index.html,Other,"2024-10-08 18:54:53"
20,"'My stomach is hurting from laughing': Hear panelist's reaction to DeSantis' threat to Disney",NULL,"2023-04-18 03:24:56",https://www.cnn.com/videos/business/2023/04/18/desantis-disney-competition-panel-reax-pt-vpx.cnn,Other,"2024-10-08 18:54:53"
21,"GOP prepared to block vote to replace Feinstein on Senate Judiciary",NULL,"2023-04-18 22:03:13",https://www.cnn.com/2023/04/18/politics/schumer-senate-feinstein-vote-cardin/index.html,Other,"2024-10-08 18:54:53"
22,"Oklahoma governor calls on officials to resign over recording of racist and threatening remarks",NULL,"2023-04-18 17:33:17",https://www.cnn.com/2023/04/18/us/mccurtain-county-oklahoma-officials-recording/index.html,Other,"2024-10-08 18:54:53"
23,"McCarthy slams Biden in handling of US debt",NULL,"2023-04-18 22:03:01",https://www.cnn.com/videos/politics/2023/04/18/kevin-mccarthy-wall-street-speech-debt-ceiling-biden-economy-vpx.cnn,Other,"2024-10-08 18:54:53"
24,"US warns Russia not to touch American nuclear technology at Ukrainian nuclear plant",NULL,"2023-04-19 08:35:33",https://www.cnn.com/2023/04/18/politics/us-warns-russia-zaporizhzhia-nuclear-plant/index.html,Technology,"2024-10-08 18:54:53"
25,"Repeated gunshots fired on live TV as ex-lawmaker shot by assassins",NULL,"2023-04-18 09:41:42",https://www.cnn.com/videos/world/2023/04/18/india-ex-lawmaker-atiq-ahmed-assassination-sud-pkg-contd-ovn-intl-hnk-vpx.cnn,Other,"2024-10-08 18:54:53"
26,"FDA clears the way for additional bivalent boosters for certain vulnerable individuals",NULL,"2023-04-18 15:09:15",https://www.cnn.com/2023/04/18/health/fda-bivalent-booster-additional-doses/index.html,Other,"2024-10-08 18:54:53"
27,"Maine authorities detained a person of interest after 4 people were found dead in a home and 3 others shot while driving",NULL,"2023-04-19 01:49:51",https://www.cnn.com/2023/04/18/us/maine-shooting-bowdoin-yarmouth/index.html,Other,"2024-10-08 18:54:53"
28,"Southwest says flights resumed after delays caused by 'tech issues'",NULL,"2023-04-18 17:15:29",https://www.cnn.com/travel/article/southwest-airlines-flight-delays/index.html,Other,"2024-10-08 18:54:53"
29,"Damar Hamlin cleared to resume football activities after January cardiac arrest",NULL,"2023-04-18 22:11:37",https://www.cnn.com/2023/04/18/sport/damar-hamlin-cleared-to-train-nfl-spt-intl/index.html,Other,"2024-10-08 18:54:53"
30,"Pilot makes history after landing on top of a 56-story hotel",NULL,"2023-03-19 11:22:30",https://www.cnn.com/videos/travel/2023/03/17/pilot-lands-on-dubai-helipad-cprog-orig-aw-ao.cnn,Other,"2024-10-08 18:54:53"
31,"Top US Navy admiral defends non-binary sailor amid some Republican criticism",NULL,"2023-04-18 19:56:40",https://www.cnn.com/2023/04/18/politics/gilday-defends-non-binary-sailor/index.html,Other,"2024-10-08 18:54:53"
32,"Fulton County DA says fake Trump electors are incriminating one another and wants lawyer disqualified",NULL,"2023-04-19 15:31:24",https://www.cnn.com/2023/04/18/politics/fulton-county-trump-fake-electors/index.html,Other,"2024-10-08 18:54:53"
33,"High speed trains are racing across the world. But not in America",NULL,"2023-04-19 02:39:40",https://www.cnn.com/travel/article/high-speed-rail-us/index.html,Other,"2024-10-08 18:54:53"
34,"Here's what you need to know if you haven't filed your return yet — and even if you have",NULL,"2023-04-18 14:15:43",https://www.cnn.com/2023/04/18/success/tax-day-2023-file-irs/index.html,Other,"2024-10-08 18:54:53"
35,"Undocumented immigrants are paying their taxes today, too",NULL,"2023-04-18 18:29:24",https://www.cnn.com/2023/04/18/us/undocumented-immigrants-taxes-cec/index.html,Other,"2024-10-08 18:54:53"
36,"Opinion: Why millionaires like us want to pay more in taxes",NULL,"2023-04-17 19:32:49",https://www.cnn.com/2023/04/17/opinions/us-tax-system-wealthy-disney-pearl/index.html,Other,"2024-10-08 18:54:53"
37,"'World's longest' purpose-built cycling tunnel opens in Norway",NULL,"2023-04-18 10:44:27",https://www.cnn.com/travel/article/worlds-longest-cycling-tunnel/index.html,Other,"2024-10-08 18:54:53"
38,"Artist rejects photo prize after AI-generated image wins award",NULL,"2023-04-18 15:27:54",https://www.cnn.com/style/article/ai-photo-win-sony-scli-intl/index.html,Other,"2024-10-08 18:54:53"
39,"These ships disappeared in Lake Superior a century ago. Watch as they're found again",NULL,"2023-04-18 19:29:01",https://www.cnn.com/videos/travel/2023/04/18/century-old-shipwrecks-lake-superior-discovery-contd-orig-zt.cnn,Other,"2024-10-08 18:54:53"
40,"Erotic images of seniors show sex and intimacy in new light",NULL,"2023-04-18 03:24:57",https://www.cnn.com/style/article/marilyn-minter-artist-elder-sex/index.html,Other,"2024-10-08 18:54:53"
41,"China's economy is off to a solid start, rising 4.5% in Q1 2023",NULL,"2023-04-18 07:01:12",https://www.cnn.com/2023/04/17/economy/china-gdp-q1-2023-intl-hnk/index.html,Other,"2024-10-08 18:54:53"
42,"Even when wives make as much as husbands, they still do more at home",NULL,"2023-04-16 17:29:49",https://www.cnn.com/2023/04/16/success/husbands-wives-earning-division-of-labor-pew-survey/index.html,Other,"2024-10-08 18:54:53"
43,"McDonald's is upgrading its burgers",NULL,"2023-04-17 16:31:30",https://www.cnn.com/2023/04/17/business/mcdonalds-burgers/index.html,Other,"2024-10-08 18:54:53"
44,"Google-parent stock drops on fears it could lose search market share to AI-powered rivals",NULL,"2023-04-17 15:52:19",https://www.cnn.com/2023/04/17/tech/google-ai-search-engine-stock-drop/index.html,Other,"2024-10-08 18:54:53"
45,"Mifepristone saved my life",NULL,"2023-04-18 11:30:00",https://www.cnn.com/2023/04/18/opinions/medication-abortion-mifepristone-miscarriage-jones-ctpr/index.html,Other,"2024-10-08 18:54:53"
46,"Why isn't the House Judiciary Committee looking into Thomas?",NULL,"2023-04-17 11:37:37",https://www.cnn.com/2023/04/17/opinions/jim-jordan-clarence-thomas-judiciary-committee-obeidallah/index.html,Other,"2024-10-08 18:54:53"
47,"Top secrets come spilling out",NULL,"2023-04-16 11:22:36",https://www.cnn.com/2023/04/16/opinions/top-secrets-come-spilling-out-opinion-column-galant/index.html,Other,"2024-10-08 18:54:53"
48,"How did Sudan go from casting off despotic rule to this?",NULL,"2023-04-17 22:45:23",https://www.cnn.com/2023/04/17/opinions/sudan-revolution-to-civil-war-lynch/index.html,Other,"2024-10-08 18:54:53"
49,"Michelle Yeoh set to return in new 'Star Trek' movie",NULL,"2023-04-18 19:11:23",https://www.cnn.com/2023/04/18/entertainment/michelle-yeoh-star-trek-section-31/index.html,Other,"2024-10-08 18:54:53"
50,"Recap: 'Succession' finds dark humor in the aftershocks",NULL,"2023-04-17 02:28:12",https://www.cnn.com/2023/04/16/entertainment/succession-season-4-episode-4-recap/index.html,Other,"2024-10-08 18:54:53"
51,"'Yellowjackets' leans hard into '90s music nostalgia, and we're here for it",NULL,"2023-05-01 23:02:04",https://www.cnn.com/2023/04/14/entertainment/yellowjackets-90s-music/index.html,Other,"2024-10-08 18:54:53"
52,"Jeremy Renner revisits 'the amazing group of people' who helped him recover from his accident",NULL,"2023-04-16 19:04:10",https://www.cnn.com/2023/04/16/entertainment/jeremy-renner-update/index.html,Other,"2024-10-08 18:54:53"
53,"Review: 'Barry' takes a whack at its farewell season",NULL,"2023-04-14 12:33:08",https://www.cnn.com/2023/04/14/entertainment/barry-season-4-review/index.html,Other,"2024-10-08 18:54:53"
54,"Fox News Power Rankings: The biggest surprises come after October",NULL,"2024-10-08 08:57:25",https://www.foxnews.com/politics/fox-news-power-rankings-biggest-surprises-come-after-october,Other,"2024-10-08 18:54:54"
55,"Mike Lee outlines roadmap for McConnell successor, warns the 'health of the Republican Party' is at stake",NULL,"2024-10-08 08:38:56",https://www.foxnews.com/politics/mike-lee-outlines-roadmap-mcconnell-successor-warns-health-republican-party-stake,Other,"2024-10-08 18:54:54"
56,"Harris takes slim lead over Trump in new poll as voters view her as candidate of change",NULL,"2024-10-08 08:26:03",https://www.foxnews.com/politics/harris-takes-slim-lead-over-trump-new-poll-voters-view-her-candidate-change,Other,"2024-10-08 18:54:54"
57,"'Tough call': Atlanta voters split on who will win Georgia",NULL,"2024-10-08 08:00:15",https://www.foxnews.com/politics/tough-call-atlanta-voters-split-who-win-georgia,Other,"2024-10-08 18:54:54"
58,"Trump announces rally in 'war zone' Colorado city",NULL,"2024-10-08 07:40:13",https://www.foxnews.com/politics/trump-announces-rally-war-zone-colorado-city,Other,"2024-10-08 18:54:54"
59,"Trump, Republicans venture to blue areas in Wisconsin to boost GOP turnout",NULL,"2024-10-08 07:00:48",https://www.foxnews.com/politics/trump-republicans-venture-blue-areas-wisconsin-boost-gop-turnout,Other,"2024-10-08 18:54:54"
60,"First on Fox: Top outside group backing House Republicans sets fundraising record",NULL,"2024-10-08 06:00:33",https://www.foxnews.com/politics/top-outside-group-backing-house-republicans-showcases-fundraising-prowess,Other,"2024-10-08 18:54:54"
61,"Vulnerable Dem Jon Tester turns on Biden admin over DEI after Montana universities stripped of federal funds",NULL,"2024-10-08 06:00:18",https://www.foxnews.com/politics/vulnerable-dem-jon-tester-turns-biden-admin-over-dei-after-montana-universities-stripped-federal-funds,Other,"2024-10-08 18:54:54"
62,"Early voting kicks off in Indiana, New Mexico, Ohio, Wyoming",NULL,"2024-10-08 05:00:46",https://www.foxnews.com/politics/early-voting-indiana-new-mexico-ohio-wyoming,Other,"2024-10-08 18:54:54"
63,"Eye of the Storm: Back-to-back hurricanes threaten to upend Harris-Trump presidential showdown",NULL,"2024-10-08 04:00:32",https://www.foxnews.com/politics/eye-storm-hurricanes-theaten-upend-harris-trump-presidential-showdown,Other,"2024-10-08 18:54:54"
64,"1 year after Hezbollah strikes, Israel reinforces troops and questions mount over ‘limited’ operation",NULL,"2024-10-08 04:00:27",https://www.foxnews.com/politics/one-year-after-hezbollah-strikes-israel-reinforces-troops-questions-mount-over-limited-operation,Other,"2024-10-08 18:54:54"
65,"'Social cost of greenhouse gases': House GOP targets progressive Biden policy for rising energy prices",NULL,"2024-10-08 04:00:05",https://www.foxnews.com/politics/social-cost-greenhouse-gases-house-gop-targets-progressive-biden-policy-rising-energy-prices,Other,"2024-10-08 18:54:54"
66,"Kamala 2.0’s challenge? Making more news, and not just with ultra-friendly hosts",NULL,"2024-10-08 03:00:43",https://www.foxnews.com/politics/kamala-2-0s-challenge-making-more-news-not-just-ultra-friendly-hosts,Other,"2024-10-08 18:54:54"
67,"Chicago mayor compares viewpoint of those who disagree with him about school spending to slavery",NULL,"2024-10-07 22:36:37",https://www.foxnews.com/politics/chicago-mayor-compares-viewpoint-those-who-disagree-him-about-school-spending-slavery,Other,"2024-10-08 18:54:54"
68,"Harris said candidates must 'earn' voter support — despite skipping primaries before becoming Dem nominee",NULL,"2024-10-07 22:16:57",https://www.foxnews.com/politics/harris-said-candidates-must-earn-voter-support-skipping-primaries-becoming-dem-nominee,Other,"2024-10-08 18:54:54"
69,"Political storm: Harris says DeSantis 'selfish' for reportedly not taking her hurricane-related calls",NULL,"2024-10-07 21:21:46",https://www.foxnews.com/politics/political-storm-harris-desantis-selfish-reportedly-not-taking-her-hurricane-related-calls,Other,"2024-10-08 18:54:54"
70,"Reporter's Notebook: All about the politics of disaster relief",NULL,"2024-10-07 19:07:27",https://www.foxnews.com/politics/politics-disaster-relief,Politics,"2024-10-08 18:54:54"
71,"'Traitor' Liz Cheney walloped by Wyoming voters for Harris endorsement, break with GOP",NULL,"2024-10-07 18:42:20",https://www.foxnews.com/politics/traitor-liz-cheney-walloped-wyoming-voters-harris-endorsement-break-gop,Other,"2024-10-08 18:54:54"
72,"Trump sounds alarm on illegal immigrant murderers: 'A lot of bad genes in our country'",NULL,"2024-10-07 18:24:56",https://www.foxnews.com/politics/trump-sounds-alarm-illegal-immigrant-murderers-bad-genes-in-country,Other,"2024-10-08 18:54:54"
73,"Georgia high court restores state's 6-week 'heartbeat' abortion law",NULL,"2024-10-07 17:55:40",https://www.foxnews.com/politics/georgia-high-court-restores-states-six-week-heartbeat-abortion-law,Other,"2024-10-08 18:54:54"
74,"Fox News Politics: One Year Since October 7th Attacks",NULL,"2024-10-07 17:11:35",https://www.foxnews.com/politics/fox-news-politics-one-year-anniversary-of-october-7th-attacks,Politics,"2024-10-08 18:54:54"
75,"MAGA candidate vying to flip Virginia Senate seat red stands firm on controversial military comments",NULL,"2024-10-07 16:59:56",https://www.foxnews.com/politics/gop-virginia-senate-candidate-navy-veteran-hung-cao-challenges-turning-virginia-red-from-purple,Other,"2024-10-08 18:54:54"
76,"Lawsuit accuses state department, DOJ of stonewalling FOIA requests regarding climate office personnel",NULL,"2024-10-07 16:18:09",https://www.foxnews.com/politics/lawsuit-accuses-state-department-doj-stonewalling-foia-requests-climate-office-staff,Other,"2024-10-08 18:54:54"
77,"Kamala Harris courts disillusioned Arab Americans over Jewish groups, records show",NULL,"2024-10-07 15:17:12",https://www.foxnews.com/politics/kamala-harris-courts-disillusioned-arab-americans-over-jewish-groups,Other,"2024-10-08 18:54:54"
78,"Vance gives full-throated support for Israel, has choice words for Biden-Harris at Oct 7 memorial rally",NULL,"2024-10-07 14:31:21",https://www.foxnews.com/politics/vance-gives-full-throated-support-israel-has-choice-words-biden-harris-oct-7-memorial-rally,Other,"2024-10-08 18:54:54"
79,"SpaceX says it could launch Starship soon if the FAA lets it",NULL,"2024-10-08 13:15:00",https://qz.com/spacex-starship-rocket-fifth-launch-test-elon-musk-faa-1851667523,Other,"2024-10-08 18:54:54"
80,"Uber will use ChatGPT to get more people to use EVs",NULL,"2024-10-08 13:13:47",https://qz.com/uber-green-electric-vehicles-evs-ai-assistant-1851667513,Other,"2024-10-08 18:54:54"
81,"Everything to know about Nvidia, from the stock to its AI chips",NULL,"2024-10-08 09:00:00",https://qz.com/nvidia-stock-ai-chips-market-cap-1851647728,Other,"2024-10-08 18:54:54"
82,"Why are the world's wealthiest families flocking to family offices?",NULL,"2024-10-08 09:00:00",https://qz.com/why-world-wealthiest-families-flocking-family-offices-1851665724,Other,"2024-10-08 18:54:54"
83,"The top 10 mental health apps to try on World Mental Health Day",NULL,"2024-10-08 09:00:00",https://qz.com/calm-finch-world-mental-health-day-apps-1851666018,Health,"2024-10-08 18:54:54"
84,"Costco's gold bars are selling out fast",NULL,"2024-10-07 22:15:00",https://qz.com/costco-gold-bars-metal-silver-platinum-retail-consumer-1851667327,Other,"2024-10-08 18:54:54"
85,"FTX shareholders could get $1 billion after crypto firm is cleared to fully repay customers",NULL,"2024-10-07 20:51:00",https://qz.com/ftx-shareholders-billion-seized-crypto-exchange-sbf-1851667188,Other,"2024-10-08 18:54:54"
86,"Christine McVie’s Fleetwood Mac scrapbook, Dianne Feinstein’s books, and an iconic Marilyn Monroe portrait: this week’s auction block roundup",NULL,"2024-10-07 20:19:00",https://qz.com/this-week-s-auction-block-roundup-1851667217,Other,"2024-10-08 18:54:54"
87,"McDonald's is suing Tyson Foods for allegedly choking the beef supply chain to raise prices",NULL,"2024-10-07 19:56:00",https://qz.com/mcdonalds-sues-tyson-foods-jbs-cargill-beef-supply-1851667117,Other,"2024-10-08 18:54:54"
88,"Donald Trump's plans would cut taxes on the richest 5% of America — and raise them for everyone else",NULL,"2024-10-07 19:07:00",https://qz.com/donald-trump-tax-cuts-wealthiest-americans-tarrifs-1851667005,Other,"2024-10-08 18:54:54"
89,"Super Micro Computer stock surges 15% on big AI demand",NULL,"2024-10-07 19:05:36",https://qz.com/super-micro-computer-stock-shares-surge-ai-demand-gpu-1851667019,Other,"2024-10-08 18:54:54"
90,"A hot meal on a transatlantic JetBlue flight will now cost extra",NULL,"2024-10-07 18:28:00",https://qz.com/jetblue-transatlantic-hot-food-cut-1851667000,Other,"2024-10-08 18:54:54"
91,"EV chargers that feel more like a gas station are coming",NULL,"2024-10-07 18:21:41",https://qz.com/rove-ev-charger-gas-station-california-1851667059,Other,"2024-10-08 18:54:54"
92,"Bankrupt EV startup Fisker left its abandoned headquarters in 'complete disarray'",NULL,"2024-10-07 18:18:10",https://qz.com/fisker-bankruptcy-evs-headquarters-lawsuit-1851667041,Other,"2024-10-08 18:54:54"
93,"A Frontier Airlines flight trailed flames as it landed",NULL,"2024-10-07 18:14:32",https://qz.com/frontier-airlines-flight-flames-land-las-vegas-airbus-1851667033,Other,"2024-10-08 18:54:54"
94,"A classic Hamptons home, cliffside Beverly Hills bungalow and mansion-sized Manhattan townhouse: This week’s real estate roundup",NULL,"2024-10-07 17:58:00",https://qz.com/most-fabulous-real-estate-listings-oct-2024-1851666947,Other,"2024-10-08 18:54:54"
95,"Trump Media stock spikes 15% after Elon Musk came to a campaign rally",NULL,"2024-10-07 17:46:23",https://qz.com/trump-media-djt-elon-musk-campaign-rally-butler-1851666928,Other,"2024-10-08 18:54:54"
96,"Panera Bread settled a Charged Lemonade lawsuit after a student's death",NULL,"2024-10-07 17:24:26",https://qz.com/panera-settles-lawsuit-death-charged-lemonade-1851666844,Other,"2024-10-08 18:54:54"
97,"Tesla Cybertrucks are still being insured by Geico — despite claims otherwise",NULL,"2024-10-07 17:20:10",https://qz.com/tesla-cybertruck-geico-insurance-evs-elon-musk-1851666695,Other,"2024-10-08 18:54:54"
98,"Boeing is restarting talks to end a strike some compare to an economic Hurricane Helene",NULL,"2024-10-07 17:10:00",https://qz.com/boeing-strike-negotiations-act-of-god-1851666732,Other,"2024-10-08 18:54:54"
99,"Who really created Bitcoin? A new HBO documentary claims it has the answer",NULL,"2024-10-07 16:40:00",https://qz.com/hbo-documentary-bitcoin-creator-satoshi-nakamoto-1851666819,Other,"2024-10-08 18:54:54"
100,"Martin Shkreli can't escape his $64 million fine",NULL,"2024-10-07 15:46:00",https://qz.com/supreme-court-martin-shkreli-fine-1851666753,Other,"2024-10-08 18:54:54"
101,"Red Lobster's new CEO admits it: 'Endless Shrimp' was a disaster",NULL,"2024-10-07 15:16:00",https://qz.com/red-lobster-ceo-endless-shrimp-disaster-1851666647,Other,"2024-10-08 18:54:54"
102,"Fisker is dead. But its legal problems are very much alive",NULL,"2024-10-07 14:59:48",https://qz.com/fisker-bankruptcy-sec-subpoena-legal-troubles-evs-1851666707,Other,"2024-10-08 18:54:54"
103,"Donald Trump would balloon the federal debt by twice as much as Kamala Harris, report says",NULL,"2024-10-07 14:51:11",https://qz.com/donald-trump-kamala-harris-federal-debt-crfb-1851666579,Other,"2024-10-08 18:54:54"
104,"FTX token, Sui, Aptos, Popcat, and more: Cryptocurrencies to watch this week",NULL,"2024-10-07 14:23:00",https://qz.com/ftx-token-sui-aptos-popcat-cryptocurrencies-to-watch-1851666642,Other,"2024-10-08 18:54:54"
105,"Even Big Oil wants Donald Trump to keep Joe Biden's climate law — or at least parts of it",NULL,"2024-10-07 13:33:13",https://qz.com/oil-lobby-donald-trump-joe-biden-ira-spending-evs-1851666483,Other,"2024-10-08 18:54:54"
106,"The Dow drops over 300 points as oil prices and Treasury yields rise",NULL,"2024-10-07 12:50:00",https://qz.com/dow-decline-rise-oil-prices-treasury-yields-1851666522,Other,"2024-10-08 18:54:54"
107,"Goldman Sachs says the S&P 500 could hit 6,000 this year",NULL,"2024-10-07 12:19:00",https://qz.com/sp-500-stock-market-economy-recession-goldman-sachsa-1851666494,Other,"2024-10-08 18:54:54"
108,"Inside the slow-motion fall of Patrick Drahi",NULL,"2024-10-07 10:57:36",https://qz.com/patrick-drahi-sotheby-altice-john-malone-1851665674,Other,"2024-10-08 18:54:54"
109,"Bitcoin and Ether ETFs helped take crypto mainstream. Are Solana and XRP next?",NULL,"2024-10-07 09:00:00",https://qz.com/bitcoin-ether-etf-solana-xrp-sec-1851664387,Other,"2024-10-08 18:54:54"
110,"The top 10 Amazon Prime Day deals under $50",NULL,"2024-10-07 09:00:00",https://qz.com/best-amazon-prime-day-cheap-deals-1851665291,Other,"2024-10-08 18:54:54"
111,"Banks and fintechs need each other. Will regulators help them tie the knot?",NULL,"2024-10-07 09:00:00",https://qz.com/banking-fintech-partner-regulation-financial-services-1851654024,Other,"2024-10-08 18:54:54"
112,"Talking about money makes people more uncomfortable than politics and religion, survey says",NULL,"2024-10-07 04:00:00",https://qz.com/money-talks-make-people-uncomfortable-than-politics-and-1851664338,Politics,"2024-10-08 18:54:54"
113,"The 15 most expensive states in America to own a car",NULL,"2024-10-06 11:00:00",https://qz.com/car-ownership-costs-us-states-1851662595,Other,"2024-10-08 18:54:54"
114,"10 cheap cars actually worth buying, according to Consumer Reports",NULL,"2024-10-06 11:00:00",https://qz.com/best-cheap-cars-2024-consumer-reports-1851651347,Other,"2024-10-08 18:54:54"
115,"Sunday Reads: America's electric car divide",NULL,"2024-10-06 10:00:00",https://qz.com/emails/quartz-obsession/1851664833/electric-cars-evs-us-politics-banks-fintechs,Other,"2024-10-08 18:54:54"
116,"4 billionaires getting even richer from AI",NULL,"2024-10-06 09:00:00",https://qz.com/ai-billionaires-jensen-huang-mark-zuckerberg-net-worth-1851665702,Other,"2024-10-08 18:54:54"
117,"Nvidia's AI summit, Tesla's robotaxi, Amazon Prime Day, inflation: What to watch in the markets this week",NULL,"2024-10-06 09:00:00",https://qz.com/nvidia-ai-tesla-robotaxi-amazon-prime-day-stock-market-1851665454,Other,"2024-10-08 18:54:55"
118,"Mark Cuban vs. Elon Musk on Trump, and Mark Zuckerberg passes Jeff Bezos: Leadership news roundup",NULL,"2024-10-05 13:00:00",https://qz.com/mark-cuban-elon-musk-donald-trump-zuckerberg-jeff-bezos-1851665584,Other,"2024-10-08 18:54:55"
119,"Big weddings, the most expensive watches, and the coolest cities: Lifestyle news roundup",NULL,"2024-10-05 13:00:00",https://qz.com/weddings-houses-watches-prices-coolest-cities-america-1851665583,Other,"2024-10-08 18:54:55"
120,"Tesla's Cybertruck win, Hertz's EV headache, Trump and Musk tout Starlink: Tech news roundup",NULL,"2024-10-05 13:00:00",https://qz.com/tesla-cybertruck-sales-recalls-hertz-evs-trump-musk-1851665582,Technology,"2024-10-08 18:54:55"
121,"Super Micro Computer's big stock split, Costco rises, and Bitcoin falls: Markets news roundup",NULL,"2024-10-05 13:00:00",https://qz.com/super-micro-computer-stock-split-costco-bitcoin-price-1851665581,Other,"2024-10-08 18:54:55"
122,"Free streaming with cable, Netflix's election backlash, and AT&T turns off the TV: Business news roundup",NULL,"2024-10-05 13:00:00",https://qz.com/netflix-kamala-harris-att-directv-disney-gm-nissan-1851665580,Politics,"2024-10-08 18:54:55"
123,"Check out this huge snow train that the U.S. Army once made to conquer the Arctic",NULL,"2024-10-05 11:00:00",https://qz.com/us-army-snow-train-arctic-1851665691,Other,"2024-10-08 18:54:55"
124,"5 cable TV companies offering streaming perks to stop cord-cutting",NULL,"2024-10-05 11:00:00",https://qz.com/spectrum-directv-xfinity-cable-disney-streaming-bundles-1851665392,Other,"2024-10-08 18:54:55"
125,"15 cars losing the most value on the used market right now",NULL,"2024-10-05 11:00:00",https://qz.com/car-depreciation-lost-value-used-market-resale-1851651319,Other,"2024-10-08 18:54:55"
126,"The 10 cheapest states in America to build your dream home",NULL,"2024-10-05 11:00:00",https://qz.com/home-building-costs-america-us-states-cheapest-1851660025,Other,"2024-10-08 18:54:55"
127,"Xi Jinping celebrates China’s rising power — and his own",NULL,"2017-10-18 22:35:21",http://www.pbs.org/newshour/bb/xi-jinping-celebrates-chinas-rising-power/,Other,"2024-10-08 18:54:55"
128,"The battle for Mosul is over, but this hidden ISIS danger could lurk for years",NULL,"2017-10-18 22:20:26",http://www.pbs.org/newshour/bb/battle-mosul-hidden-isis-danger-lurk-years/,Other,"2024-10-08 18:54:55"
129,"As Rohingya refugees continue to flee from persecution, here’s how you can help",NULL,"2017-10-18 20:58:34",http://www.pbs.org/newshour/rundown/rohingya-refugees-continue-flee-persecution-heres-can-help/,Other,"2024-10-08 18:54:55"
130,"Tillerson: ‘Heartbreaking’ reports of suffering in Myanmar",NULL,"2017-10-18 15:36:51",http://www.pbs.org/newshour/rundown/tillerson-heartbreaking-reports-suffering-myanmar/,Other,"2024-10-08 18:54:55"
131,"Far-right groups gain ground in Sweden and Germany amid migrant influx",NULL,"2017-10-17 22:30:37",http://www.pbs.org/newshour/bb/far-right-groups-gain-ground-sweden-germany-amid-migrant-influx/,Other,"2024-10-08 18:54:55"
132,"U.S.-backed Syrian forces recapture Raqqa from Islamic State group",NULL,"2017-10-17 16:57:20",http://www.pbs.org/newshour/rundown/u-s-backed-syrian-forces-recapture-raqqa-from-islamic-state-group/,Other,"2024-10-08 18:54:55"
133,"WATCH: Trump and Greek prime minister hold joint news conference",NULL,"2017-10-17 16:28:24",http://www.pbs.org/newshour/rundown/watch-live-trump-and-greek-prime-minister-hold-joint-press-conference/,Other,"2024-10-08 18:54:55"
134,"U.S., Japan agree to maximize diplomatic pressure on North Korea",NULL,"2017-10-17 13:01:05",http://www.pbs.org/newshour/rundown/u-s-japan-agree-maximize-diplomatic-pressure-north-korea/,Other,"2024-10-08 18:54:55"
135,"News Wrap: Dozens missing after deadly Mogadishu truck bombing",NULL,"2017-10-16 22:45:17",http://www.pbs.org/newshour/bb/news-wrap-dozens-missing-deadly-mogadishu-truck-bombing/,Other,"2024-10-08 18:54:55"
136,"Why a power struggle has broken out over Kirkuk",NULL,"2017-10-16 22:40:31",http://www.pbs.org/newshour/bb/power-struggle-broken-kirkuk/,Other,"2024-10-08 18:54:55"
137,"Rex Tillerson says continue diplomacy with North Korea ‘until first bomb drops’",NULL,"2017-10-16 11:08:00",http://www.pbs.org/newshour/rundown/rex-tillerson-says-continue-diplomacy-north-korea-first-bomb-drops/,Other,"2024-10-08 18:54:55"
138,"Iraqi, Kurdish forces in standoff, weeks after Kurdish vote for independence",NULL,"2017-10-15 20:33:23",http://www.pbs.org/newshour/bb/iraqi-kurdish-forces-standoff-weeks-kurdish-vote-independence/,Other,"2024-10-08 18:54:55"
139,"South Sudan civil war causes Africa’s worst refugee crisis",NULL,"2017-10-15 19:26:17",http://www.pbs.org/newshour/bb/south-sudan-civil-war-causes-africas-worst-refugee-crisis/,Other,"2024-10-08 18:54:55"
140,"Hundreds dead after massive truck bomb strikes Mogadishu",NULL,"2017-10-15 16:27:49",http://www.pbs.org/newshour/rundown/hundreds-dead-massive-truck-bomb-strikes-mogadishu/,Other,"2024-10-08 18:54:55"
141,"Column: Why reporting from South Sudan is so difficult — and critically needed",NULL,"2017-10-15 14:27:40",http://www.pbs.org/newshour/updates/reporters-notebook-reporting-south-sudan-difficult-critically-needed/,Other,"2024-10-08 18:54:55"
142,"Kashmir and Haryana prove India exit polls wrong",NULL,"2024-10-08 12:15:30",https://www.bbc.com/news/articles/cx2y4ew10wxo,Other,"2024-10-08 18:54:56"
143,"Indian financial aid opens 'new chapter' with Maldives",NULL,"2024-10-07 12:24:15",https://www.bbc.com/news/articles/cly4eq78k5qo,Other,"2024-10-08 18:54:56"
144,"Why are there so many dropped catches at T20 World Cup?",NULL,"2024-10-06 20:01:57",https://www.bbc.com/sport/cricket/articles/cg78yd0p088o,Other,"2024-10-08 18:54:56"
145,"Climbers rescued after three days in the Himalayas",NULL,"2024-10-06 16:14:26",https://www.bbc.com/news/articles/c93y147z4pdo,Other,"2024-10-08 18:54:56"
146,"Maldives president visits India amid trouble in tourist paradise",NULL,"2024-10-06 00:10:51",https://www.bbc.com/news/articles/ce8vz8j60kno,Other,"2024-10-08 18:54:56"
147,"The Polish artist who painted Hindu gods in Indian palaces",NULL,"2024-10-04 23:21:43",https://www.bbc.com/news/articles/c8xe17pegrno,Other,"2024-10-08 18:54:56"
148,"India government says criminalising marital rape 'excessively harsh'",NULL,"2024-10-04 06:32:38",https://www.bbc.com/news/articles/c80r38yeempo,Politics,"2024-10-08 18:54:56"
149,"India's foreign minister to visit Pakistan for the first time since 2015",NULL,"2024-10-04 12:41:38",https://www.bbc.com/news/articles/c0lw9pdw400o,Other,"2024-10-08 18:54:56"
150,"How India became a Test cricket powerhouse",NULL,"2024-10-03 21:27:11",https://www.bbc.com/news/articles/cz6w0lygq22o,Other,"2024-10-08 18:54:56"
151,"India's iconic tramcars set to ride into Kolkata sunset",NULL,"2024-10-01 23:30:25",https://www.bbc.com/news/articles/ckgn4mzn224o,Other,"2024-10-08 18:54:56"
152,"My mission is to take Tamil music global, says Sid Sriram",NULL,"2024-10-06 00:25:44",https://www.bbc.com/news/articles/cvgwwqpdj74o,Other,"2024-10-08 18:54:56"
153,"India's top court saves a poor student's college dream",NULL,"2024-10-03 09:24:47",https://www.bbc.com/news/articles/cx25nq12n10o,Other,"2024-10-08 18:54:56"
154,"The 'mastermind' behind India's biggest jailbreak",NULL,"2024-10-01 01:48:53",https://www.bbc.com/news/articles/c1dd9rj3vmyo,Other,"2024-10-08 18:54:56"
155,"The world’s diamond polishing capital feels Ukraine war impact",NULL,"2024-09-30 01:04:21",https://www.bbc.com/news/articles/c1e866ypp1zo,Other,"2024-10-08 18:54:56"
156,"Sold out in minutes, resold for millions: Coldplay tickets spark outrage in India",NULL,"2024-09-29 01:24:50",https://www.bbc.com/news/articles/c99v12e3yj4o,Other,"2024-10-08 18:54:56"
157,"A famed holy sweet in an unsavoury row in India",NULL,"2024-09-26 21:41:55",https://www.bbc.com/news/articles/cglkenxgd5xo,Other,"2024-10-08 18:54:56"
158,"Your essential guide to the ICC Women's T20 World Cup",NULL,"2024-10-01 07:59:27",https://www.bbc.com/sport/cricket/articles/c99vp4yyyyxo,Other,"2024-10-08 18:54:56"
159,"The Kashmiri politician whose return from jail ruffled feathers",NULL,"2024-09-26 01:00:04",https://www.bbc.com/news/articles/cgj4l01q9jgo,Other,"2024-10-08 18:54:56"
160,"Death of Indian employee sparks debate on 'toxic work culture'",NULL,"2024-09-24 21:39:31",https://www.bbc.com/news/articles/c0kjgp4jr5yo,Other,"2024-10-08 18:54:56"
161,"Tigers and crocs make mangrove preservation tough work",NULL,"2024-09-23 23:09:02",https://www.bbc.com/news/articles/crrldyvqe4xo,Other,"2024-10-08 18:54:56"
162,"How Punjabi megastar Diljit Dosanjh is inspiring the next gen",NULL,"2024-09-21 23:51:46",https://www.bbc.com/news/articles/cwy9gln6lz6o,Other,"2024-10-08 18:54:56"
163,"Hema committee report: Why are India's biggest film stars silent?",NULL,"2024-09-19 21:39:03",https://www.bbc.com/news/articles/cn9dgjd8rewo,Other,"2024-10-08 18:54:56"
164,"Volunteers dying as Russia’s war dead tops 70,000",NULL,"2024-09-19 23:12:45",https://www.bbc.com/news/articles/cjr3255gpjgo,Other,"2024-10-08 18:54:56"
165,"Why hundreds of Samsung workers are protesting in India",NULL,"2024-09-19 13:51:52",https://www.bbc.com/news/articles/c7488w85n00o,Other,"2024-10-08 18:54:56"
166,"'Please save me': The Indians duped into fighting for Russia",NULL,"2024-09-18 08:11:06",https://www.bbc.com/news/articles/cly6ve2x72xo,Other,"2024-10-08 18:54:56"
167,"After a decade, Kashmir votes in historic elections",NULL,"2024-09-16 08:31:13",https://www.bbc.com/news/articles/cpw84kv9q8yo,Other,"2024-10-08 18:54:56"
168,"The German woman who helped build an Indian university",NULL,"2024-09-16 21:41:27",https://www.bbc.com/news/articles/cn020ywgx2yo,Other,"2024-10-08 18:54:56"
169,"Bangladesh leader’s ‘megaphone diplomacy’ irks India",NULL,"2024-09-12 21:41:41",https://www.bbc.com/news/articles/cz6xqyzzdxgo,Other,"2024-10-08 18:54:56"
170,"India's oldest trams may soon be brought to a halt",NULL,"2024-10-01 12:27:53",https://www.bbc.com/news/articles/cr54qr64n1qo,Other,"2024-10-08 18:54:56"
171,"Kolkata night protest: 'Today I witnessed history'",NULL,"2024-08-15 10:22:01",https://www.bbc.com/news/videos/ce3106yz19do,Other,"2024-10-08 18:54:56"
172,"Watch: Thousands of women protest about rape and murder of doctor in India",NULL,"2024-08-15 08:56:44",https://www.bbc.com/news/videos/czx67lknn54o,Other,"2024-10-08 18:54:56"
173,"Watch: Building collapses into river in Himachal Pradesh",NULL,"2024-08-01 07:44:51",https://www.bbc.com/news/videos/c1vdw9546wwo,Other,"2024-10-08 18:54:56"
174,"Watch: Blue screens, queues and airport delays worldwide",NULL,"2024-07-19 11:51:09",https://www.bbc.com/news/videos/cz7ejpld988o,Other,"2024-10-08 18:54:56"
175,"Lavish Ambani wedding divides opinions in India",NULL,"2024-07-12 13:22:41",https://www.bbc.com/news/videos/cgr5073mz74o,Other,"2024-10-08 18:54:56"
176,"Former PMs, film and sports stars join Ambani wedding",NULL,"2024-07-12 21:10:01",https://www.bbc.com/news/videos/cv2gnv34kyeo,Other,"2024-10-08 18:54:56"
177,"WATCH: Families mourn victims of deadly India crush",NULL,"2024-07-03 09:42:54",https://www.bbc.com/news/videos/cw4ypql875ko,Other,"2024-10-08 18:54:56"
178,"Watch: Delhi airport roof collapses due to heavy rain",NULL,"2024-06-28 07:43:43",https://www.bbc.com/news/videos/c134zdz2nnro,Other,"2024-10-08 18:54:56"
179,"What worked for India's Modi - and what didn’t?",NULL,"2024-06-04 15:32:32",https://www.bbc.com/news/articles/ce442577v35o,Other,"2024-10-08 18:54:56"
180,"Arrests, accusations and AI: India’s election unpacked",NULL,"2024-06-01 23:07:59",https://www.bbc.com/news/videos/cqqq2g653gro,Politics,"2024-10-08 18:54:56"
